155842(1/2),T40防火戸用ｽﾁｰﾙ切窓,660,1
155842(1/2),T40防火戸用ｽﾁｰﾙ切窓,660,1
155842(2/2),切窓用ｽﾁｰﾙ補強,644,1
155842(2/2),切窓用ｽﾁｰﾙ補強,644,1
155842(2/2),40全面切窓補強ST,486,1
602602(1/2),T40防火戸用ｽﾁｰﾙ切窓,500,1
602602(1/2),T40防火戸用ｽﾁｰﾙ切窓,500,1
602602(2/2),切窓用ｽﾁｰﾙ補強,484,1
602602(2/2),切窓用ｽﾁｰﾙ補強,484,1
654251(1/2),防火用ｽﾁｰﾙ切窓,800,1
654251(2/2),切窓補強(ﾄﾞｱへ),784,1
654251(2/2),BO-EXﾍﾞｰｽ板L (EL),1651,2
654251(2/2),BO-EXﾍﾞｰｽ板R (EL),1651,2
654251(2/2),ﾍﾞｰｽﾊﾞﾝL,1990,1
654251(2/2),ﾍﾞｰｽﾊﾞﾝL,2000,1
654251(2/2),EXﾍﾞｰｽ板-L,1542,1
654251(2/2),EXﾍﾞｰｽ板-R,1542,2
654251(2/2),SATﾍﾞｰｽﾊﾞﾝR,2030,1
654251(2/2),ﾍﾞｰｽﾊﾞﾝL,2020,2
654251(2/2),ﾍﾞｰｽﾊﾞﾝL,1820,1
654251(2/2),ﾍﾞｰｽﾊﾞﾝR,2020,1
654251(2/2),ﾍﾞｰｽﾊﾞﾝL,1820,2
654251(2/2),ﾍﾞｰｽﾊﾞﾝR,1820,6
654251(2/2),ﾍﾞｰｽﾊﾞﾝR,1780,1
654251(2/2),EXﾍﾞｰｽ板-R,1562,1
654251(2/2),ﾍﾞｰｽﾊﾞﾝL,1500,1
654251(2/2),EXﾍﾞｰｽ板-L,1392,2
